time,connect,request 
0,1.756454545454546,18.42939285714286 
10,1.5833636363636365,15.59124358974359 
20,1.375625,20.947447368421056 
30,1.3172,14.709544444444443 
40,1.7692727272727273,14.5690487804878 
50,1.4333636363636364,30.06276744186045 
60,1.5147741935483867,19.128238738738737 
70,1.6477000000000004,14.517082304526747 
80,1.4956410256410253,14.540571969696964 
90,1.345222222222222,14.089552238805979 
97,0,16.633599999999998 
