time,cpu@tsung_controller@ip-172-31-62-231 
0,3.6448544497209507 
10,3.6448544497209507 
20,3.6448544497209507 
30,3.6448544497209507 
40,3.6448544497209507 
50,3.6448544497209507 
60,3.6448544497209507 
70,3.6448544497209507 
80,3.6448544497209507 
90,3.6448544497209507 
97,3.6448544497209507 
