time,cpu@tsung_controller@ip-172-31-62-231 
0,3.6448544497209507 
10,0.5489021956087825 
20,0.5489021956087825 
30,0.5489021956087825 
40,0.5489021956087825 
50,0.5489021956087825 
60,0.5489021956087825 
70,0.5489021956087825 
80,0.5489021956087825 
90,0.5489021956087825 
97,0.49975012493753124 
