time,cpu@tsung_controller@ip-172-31-62-231 
0,3.6448544497209507 
10,0.5489021956087825 
20,1.547678482276585 
30,1.1005502751375689 
40,1.2468827930174564 
50,0.8517034068136272 
60,1.2974051896207583 
70,1.9393336648433617 
80,1.543824701195219 
90,1.2974051896207583 
97,0.49975012493753124 
