time,load@tsung_controller@ip-172-31-62-231 
0,0.0 
10,0.078125 
20,0.078125 
30,0.078125 
40,0.12890625 
50,0.1796875 
60,0.1796875 
70,0.19921875 
80,0.19921875 
90,0.21875 
