time,cpu@tsung_controller@ip-172-31-62-231 
0,0.3948116845794879 
10,0.3948116845794879 
20,0.3948116845794879 
30,0.3948116845794879 
40,0.3948116845794879 
50,0.3948116845794879 
60,0.3948116845794879 
70,0.3948116845794879 
80,0.3948116845794879 
90,0.3948116845794879 
