time,connect,request 
0,1.4690719250559705,15.334597203768963 
10,1.4014518634058706,16.76806969327843 
20,0.0,16.799655770486368 
30,0.07758683813330418,16.423529983750704 
40,0.5774987862087352,17.390185620716167 
50,1.4161792282928736,18.333425922544073 
60,0.6931830583352057,17.23895335244843 
70,0.6156143196980428,18.046468460817152 
80,1.1052632629312744,32.31479392167693 
90,3.10068398079987,23.726813509964796 
