time,cpu@tsung_controller@ip-172-31-62-231 
0,0.45670020974887193 
10,2.6433915211970076 
20,2.6433915211970076 
30,2.6433915211970076 
40,2.9455816275586617 
50,3.422619047619048 
60,3.422619047619048 
70,4.813895781637717 
80,7.068193130910901 
