time,cpu@tsung_controller@ip-172-31-62-231 
0,0.45670020974887193 
10,2.6433915211970076 
20,2.45 
30,0.949050949050949 
40,2.9455816275586617 
50,3.422619047619048 
60,2.6919242273180455 
70,4.813895781637717 
80,7.068193130910901 
