time,connect,request 
0,1.926923076923077,17.604253521126758 
10,1.3679999999999997,15.829623529411768 
20,1.2275,17.90014285714286 
30,1.5896666666666666,26.090025000000008 
40,2.0225000000000004,19.068851239669424 
50,1.4427368421052629,17.03761437908499 
60,1.4765999999999995,17.02591304347825 
70,1.6660465116279073,17.45339076923075 
80,2.9312553191489368,27.14581939799334 
