time,cpu@tsung_controller@ip-172-31-62-231 
0,0.45670020974887193 
10,0.45670020974887193 
20,0.45670020974887193 
30,0.45670020974887193 
40,0.45670020974887193 
50,0.45670020974887193 
60,0.45670020974887193 
70,0.45670020974887193 
80,0.45670020974887193 
