time,load@tsung_controller@ip-172-31-62-231 
0,0.0 
10,0.16015625 
20,0.12890625 
30,0.109375 
40,0.1015625 
50,0.078125 
60,0.0703125 
70,0.05859375 
80,0.05078125 
