time,load@tsung_controller@ip-172-31-53-222 
0,0.0 
10,0.0 
20,0.0 
30,0.078125 
40,0.0703125 
50,0.05859375 
60,0.05078125 
70,0.0390625 
80,0.03125 
90,0.171875 
100,0.1484375 
110,0.12109375 
120,0.1015625 
126,0.08984375 
