time,cpu@tsung_controller@ip-172-31-53-222 
0,0.22226006033883774 
10,0.22226006033883774 
20,0.22226006033883774 
30,0.22226006033883774 
40,0.22226006033883774 
50,0.22226006033883774 
60,0.22226006033883774 
70,0.22226006033883774 
80,0.22226006033883774 
90,0.22226006033883774 
100,0.22226006033883774 
110,0.22226006033883774 
120,0.22226006033883774 
126,0.22226006033883774 
